first_name,last_name,phone
Janine,Ide,5019312140
Sumner,Jochanany,1041696514
Niven,Mathissen,4306662364
Neils,Menure,9911334282
Frank,Sima,5633570761
Frank,Gillings,1737695393
Hube,Boutflour,3407030933
Karla,Perrins,3212001020
Orbadiah,Trace,3179028009
Idell,Fothergill,5549033462
Luke,Eberst,4413418188
Jo-ann,Gantz,1728134760
Matty,Brisley,1687575631
Kaylyn,Loney,9305781770
Penrod,Pragnell,2208061030
Bartolemo,Wildsmith,3008326696
Keenan,Barkus,6788946633
Melisandra,Narup,2221154896
Phyllida,Bencher,4141889531
Dicky,Serrurier,6002323152
Ilsa,Downham,1947254190
Galven,Markovic,1971424470
Robb,Stodhart,1413628150
Clemmy,Cackett,5963264222
Carr,Humpherson,8405144973
Lee,Menguy,6979644969
Cati,Bamforth,7211210217
Gerri,Loreit,2155030720
Had,Prestwich,2542508689
Rosie,Lodo,8512482553
Zaria,Vanichev,5062815303
Fae,Strangeway,2389037733
Alikee,Fones,4367035640
Athene,Blincow,3289827635
Hali,Aslett,8732245967
Bay,Egerton,8663049346
Rriocard,Coppens,9296229981
Sammie,Attkins,2929362520
Dalia,Slimming,4691516229
Sarina,Roalfe,3394024658
Wilhelm,Galer,8564213736
Grace,Copplestone,4831409387
Tannie,Jent,2628943214
Hollis,Kensett,8731889087
Maryrose,Govan,6756496857
Lorinda,Jorgensen,9251037101
Hagen,Jacmar,8995437747
Con,Vido,4143640474
Lisette,Bringloe,8719163626
Rubie,Pymar,6117150833
Rosabelle,Pauer,6746827048
Kermit,Ellyatt,1007127177
Erminia,Hungerford,1798825222
Ashby,Elkins,5458636091
Avram,Dahle,6758921194
Miof mela,Struis,5216472904
Liva,Broyd,8546488578
Ty,Pickerell,3438857837
Myer,Sebastian,6698635493
Nonnah,Bowton,2473778271
Bobbette,Bartley,8571321349
Prescott,Jaggs,4497141442
Shelley,Rowes,6778124472
Wyatt,Lanchbury,7216071890
Stanly,Coughan,7116278144
Dodi,Harnell,7381140027
Kerrill,Passfield,8031688077
Fernande,Prettyman,1511505063
Saunder,Connor,9528022780
Enos,Dunseath,6613289086
Eldredge,Melendez,5217136758
Kathlin,Kiloh,4752628252
Daron,Cashmore,7434024297
Wilow,Dignall,8089519838
Oates,Crichten,7802118695
Alanson,Butfield,6766171955
Norris,Custy,8018916776
Garth,Dankov,6144969851
Nahum,McLise,8067440133
Fredek,Tedridge,4267735567
Nadean,Lambard,8685919938
Maurene,Geaney,3759486084
Inesita,Stidworthy,9859289886
Allie,Meas,5609753201
Oneida,Starrs,5578561084
Colby,Stapells,4323489871
Jeannine,Georgi,3202963823
Berty,McGavigan,8044068658
Kev,Lydall,9984833166
Karlen,Gladtbach,4293159647
Gratiana,Giacomo,5961584539
Quinta,Gaughan,3164782687
Wendy,Yerby,6806054949
Hasty,Chiplin,4377909332
Wallace,Arthurs,7205472287
Tarra,Alvy,3857645514
Felecia,Tatham,8872404266
Reynold,Woollends,2242735766
Ardella,Chaunce,7862148938
Marion,Jiran,8417181288
Giorgi,Goosey,7208494824
Ronnica,Reglar,3413181570
Halie,Clacey,9057353891
Shelli,Stratiff,2921157997
Jessalyn,Silvers,5791573168
Lazarus,Waddington,4758421551
Bowie,Livings,4925167684
Vin,Fantini,8238526632
Ethe,Olivi,7038025925
Zane,Lagneaux,4072260019
Frederico,Wellfare,3264239750
Marty,Petrowsky,5641652995
Emmalyn,Shillaker,2732870626
Holly,Brewerton,5475050199
Osmund,Swettenham,3882983658
Melonie,Jumont,2685161059
Powell,Sprague,7383939083
Alla,Cuncliffe,6075102214
Fiona,Gennrich,4462548794
Brandie,Stringer,6712129706
Virge,Diego,5145621850
Sofie,Shackelton,5719201957
Karalynn,Lamanby,2279056566
Brenna,MacMickan,5318736001
Liesa,Trevallion,4688687768
Major,Feldberger,6849665343
Doralynn,Cereceres,1629932982
Barri,Durrand,9119153655
Howey,Lapping,2461823714
Cecil,Aspy,2329656829
Harry,Manuel,9033249885
Griffin,Anfonsi,7976703056
Brittaney,Gosling,6298481612
Heath,Gatch,7206340636
Marcelo,Jouandet,7207657400
Damien,Durrance,2822133199
Florella,Korlat,6618381028
Hilliary,Hainsworth,7263490809
Chrystel,Shitliff,7065815243
Kellen,Shevels,6099232381
Clare,Ivashnikov,5149199675
Lois,Strewthers,9176290163
Carney,Mournian,3138633625
Fifi,Dadds,6907684648
Etti,Menhci,2134459395
Ferguson,Healks,3937225081
Jo ann,Letcher,6579611591
Selia,Goodwins,1079167299
Byrann,Clappson,3703311506
Karlene,St. Queintain,3224863676
Jobie,Kippen,2721788806
Andros,Beaty,5204765617
Lanette,Wilkowski,6209655947
Missy,Trytsman,6961767437
Eartha,Melmoth,6896741321
Annamarie,Feronet,6325640898
Doretta,Burnsides,3882493546
Joshia,McKleod,6601774478
Corbet,Valenta,6398368619
Konstantine,McEnery,2537304659
Jeddy,Saenz,6609295298
Selby,Fanshawe,2194069220
Barnard,Dunphy,7671146431
Fair,Darey,8552394845
Osbourn,Mackney,1492680627
Andonis,Naulls,5242462708
Consuela,Swanwick,3232262245
Hilario,Tures,3228266818
Mord,Barnfield,8133508491
Adelheid,Coneau,3505472187
Holli,Sporrij,2761695829
Norry,Maciejak,3501154222
Agnes,Verriour,5834583085
Mathe,Chong,1532520627
Foster,Studman,9043656607
Carree,Robertz,7124041819
Herbert,De Miranda,6267352331
Kiel,Divall,6457985321
Bradford,Batrop,3396576291
Madlin,Elion,2495997349
Tades,Crighton,5557994994
Timothea,Warlow,5921080373
Colan,McNess,6922989673
Andonis,Ohm,5899404919
Alex,Rosebotham,6872967398
Harwell,Enos,9628032353
Melania,Jotham,9695919715
Haroun,Stokoe,3442482448
Gavrielle,Lagden,3555061016
Aile,Pugsley,4228097219
Amelina,Smead,2022526757
Douglas,Jzhakov,6939496597
Eward,Greenmon,7969888831
Sherye,Kuna,5185205464
Camilla,Roper,8613443722
Giles,Leipnik,5511880212
Vicki,Jahn,5608081367
Max,Bransdon,2466473978
Jilly,Portlock,6929681529
Cam,Munnion,3957160343
